claim_id,policy_id,claim_date,claim_status,paid_amount,reserve_amount,claim_type
CLM00001,POL00001,2023-09-04,Closed,19209.93,0.0,Third Party Liability
CLM00002,POL00002,2024-01-12,Open,2088.75,27442.64,Natural Calamity
CLM00003,POL00003,2023-10-10,Open,1062.35,4362.5,Burglary
CLM00004,POL00005,2023-10-14,Closed,124859.99,0.0,Accidental Damage
CLM00005,POL00012,2024-05-24,Closed,24998.08,0.0,Accidental Damage
CLM00006,POL00012,2024-08-01,Closed,51175.71,0.0,Fire
CLM00007,POL00016,2024-08-09,Closed,55458.91,0.0,Theft
CLM00008,POL00017,2024-09-24,Closed,25757.19,0.0,Theft
CLM00009,POL00021,2024-03-15,Closed,32340.36,0.0,Medical Reimbursement
CLM00010,POL00022,2024-11-16,Closed,46530.45,0.0,Third Party Liability
CLM00011,POL00026,2024-09-06,Closed,29917.31,0.0,Medical Reimbursement
CLM00012,POL00029,2023-05-04,Closed,13418.62,0.0,Burglary
CLM00013,POL00030,2023-07-05,Open,1833.01,10970.15,Third Party Liability
CLM00014,POL00030,2023-08-23,Closed,9448.64,0.0,Natural Calamity
CLM00015,POL00033,2024-03-10,Open,1152.63,30835.51,Medical Reimbursement
CLM00016,POL00034,2024-09-24,Closed,9200.6,0.0,Fire
CLM00017,POL00036,2023-10-05,Reopened,11452.59,2999.02,Burglary
CLM00018,POL00036,2023-10-08,Closed,14706.42,0.0,Fire
CLM00019,POL00042,2023-12-14,Closed,78678.46,0.0,Burglary
CLM00020,POL00043,2024-11-06,Closed,34783.67,0.0,Theft
CLM00021,POL00045,2023-04-20,Closed,67886.28,0.0,Medical Reimbursement
CLM00022,POL00049,2024-04-29,Closed,32665.5,0.0,Third Party Liability
CLM00023,POL00049,2024-03-17,Closed,147608.26,0.0,Medical Reimbursement
CLM00024,POL00053,2024-06-29,Reopened,5693.63,1940.92,Natural Calamity
CLM00025,POL00054,2024-11-06,Closed,12933.36,0.0,Medical Reimbursement
CLM00026,POL00055,2024-05-30,Closed,6316.76,0.0,Theft
CLM00027,POL00056,2024-06-12,Closed,5322.09,0.0,Medical Reimbursement
CLM00028,POL00059,2024-03-10,Closed,9814.26,0.0,Accidental Damage
CLM00029,POL00064,2023-04-14,Closed,2605.72,0.0,Medical Reimbursement
CLM00030,POL00071,2024-11-14,Closed,10801.05,0.0,Medical Reimbursement
CLM00031,POL00075,2024-08-09,Closed,55691.53,0.0,Burglary
CLM00032,POL00075,2024-02-03,Closed,58580.88,0.0,Theft
CLM00033,POL00081,2023-10-10,Reopened,5629.62,2236.5,Accidental Damage
CLM00034,POL00081,2024-03-09,Closed,12625.91,0.0,Accidental Damage
CLM00035,POL00086,2023-12-25,Open,2661.89,8711.38,Medical Reimbursement
CLM00036,POL00090,2023-12-15,Closed,42014.81,0.0,Medical Reimbursement
CLM00037,POL00095,2024-03-26,Reopened,8712.79,4496.03,Natural Calamity
CLM00038,POL00102,2024-06-06,Closed,8218.46,0.0,Natural Calamity
CLM00039,POL00108,2023-10-10,Closed,166909.76,0.0,Natural Calamity
CLM00040,POL00115,2024-08-03,Closed,3974.95,0.0,Fire
CLM00041,POL00115,2024-08-09,Closed,8847.3,0.0,Fire
CLM00042,POL00116,2023-09-16,Open,3288.89,7829.85,Burglary
CLM00043,POL00117,2024-05-23,Closed,39468.27,0.0,Fire
CLM00044,POL00120,2023-12-20,Reopened,63216.66,12451.94,Fire
CLM00045,POL00121,2023-12-27,Open,12670.72,36240.98,Burglary
CLM00046,POL00122,2024-08-16,Open,3442.07,45058.08,Natural Calamity
CLM00047,POL00123,2024-01-16,Closed,6805.1,0.0,Fire
CLM00048,POL00124,2023-08-11,Closed,6249.11,0.0,Accidental Damage
CLM00049,POL00125,2024-02-11,Open,5358.55,39124.8,Burglary
CLM00050,POL00126,2024-03-02,Closed,17634.98,0.0,Accidental Damage
CLM00051,POL00128,2024-08-08,Closed,29465.68,0.0,Fire
CLM00052,POL00130,2024-09-04,Closed,16310.15,0.0,Natural Calamity
CLM00053,POL00131,2023-10-18,Closed,29020.28,0.0,Theft
CLM00054,POL00133,2024-09-06,Closed,25359.4,0.0,Medical Reimbursement
CLM00055,POL00142,2024-05-01,Closed,25638.52,0.0,Accidental Damage
CLM00056,POL00144,2023-08-23,Reopened,34190.72,15966.81,Natural Calamity
CLM00057,POL00150,2023-08-11,Closed,2453.37,0.0,Fire
CLM00058,POL00153,2024-02-19,Closed,57655.22,0.0,Third Party Liability
CLM00059,POL00159,2024-01-30,Closed,47949.22,0.0,Natural Calamity
CLM00060,POL00162,2024-07-01,Closed,28246.58,0.0,Theft
CLM00061,POL00163,2024-10-01,Closed,4062.86,0.0,Burglary
CLM00062,POL00167,2023-12-28,Closed,6185.77,0.0,Medical Reimbursement
CLM00063,POL00169,2024-06-01,Closed,17903.13,0.0,Theft
CLM00064,POL00170,2024-10-03,Closed,6981.68,0.0,Burglary
CLM00065,POL00171,2024-10-31,Closed,2179.05,0.0,Fire
CLM00066,POL00172,2024-04-25,Reopened,4717.61,1881.08,Accidental Damage
CLM00067,POL00175,2024-01-31,Open,8185.04,17149.36,Third Party Liability
CLM00068,POL00178,2024-10-17,Open,205.41,3618.1,Natural Calamity
CLM00069,POL00179,2024-07-29,Closed,18838.36,0.0,Theft
CLM00070,POL00182,2023-10-08,Closed,13073.53,0.0,Natural Calamity
CLM00071,POL00183,2024-01-08,Closed,54126.13,0.0,Burglary
CLM00072,POL00183,2024-02-20,Closed,15886.16,0.0,Medical Reimbursement
CLM00073,POL00184,2023-09-09,Closed,151514.13,0.0,Burglary
CLM00074,POL00186,2023-11-27,Closed,92494.49,0.0,Burglary
CLM00075,POL00190,2024-08-12,Reopened,8058.39,2666.85,Fire
CLM00076,POL00190,2023-11-17,Closed,40428.55,0.0,Accidental Damage
CLM00077,POL00192,2023-11-22,Closed,106779.76,0.0,Fire
CLM00078,POL00193,2024-11-01,Open,7267.61,26109.86,Theft
CLM00079,POL00194,2024-04-24,Closed,9627.08,0.0,Medical Reimbursement
CLM00080,POL00197,2024-11-10,Closed,88546.13,0.0,Theft
CLM00081,POL00199,2024-05-29,Closed,6990.42,0.0,Burglary
CLM00082,POL00200,2024-05-05,Open,1786.32,19408.34,Theft
CLM00083,POL00203,2024-10-20,Closed,108530.88,0.0,Accidental Damage
CLM00084,POL00203,2024-03-16,Closed,8693.32,0.0,Medical Reimbursement
CLM00085,POL00211,2024-10-28,Reopened,1329.76,637.21,Burglary
CLM00086,POL00215,2024-01-15,Closed,14461.08,0.0,Theft
CLM00087,POL00216,2024-10-18,Open,1119.81,14659.01,Medical Reimbursement
