expense_id,policy_id,expense_type,expense_amount,expense_date
EXP00001,POL00001,Agent Commission,2776.74,2023-03-17
EXP00002,POL00001,IT Allocation,1793.28,2023-10-29
EXP00003,POL00002,Agent Commission,18803.01,2023-10-17
EXP00004,POL00002,Survey Fee,5012.99,2024-06-24
EXP00005,POL00002,Policy Admin,5844.72,2024-08-11
EXP00006,POL00003,Broker Fee,1872.7,2023-06-28
EXP00007,POL00003,Survey Fee,962.13,2023-08-16
EXP00008,POL00004,Broker Fee,8921.65,2023-12-01
EXP00009,POL00004,IT Allocation,1480.01,2023-12-12
EXP00010,POL00005,Agent Commission,16621.47,2023-03-12
EXP00011,POL00005,Survey Fee,6773.99,2023-08-27
EXP00012,POL00006,Agent Commission,5661.69,2024-04-17
EXP00013,POL00006,Survey Fee,1636.41,2025-01-23
EXP00014,POL00006,Survey Fee,2288.49,2025-03-03
EXP00015,POL00007,Broker Fee,10054.05,2024-08-21
EXP00016,POL00007,Survey Fee,2831.62,2025-06-11
EXP00017,POL00007,IT Allocation,1826.69,2025-06-12
EXP00018,POL00008,Broker Fee,4247.89,2023-06-10
EXP00019,POL00008,IT Allocation,1901.45,2024-01-05
EXP00020,POL00008,IT Allocation,952.18,2023-08-15
EXP00021,POL00009,Agent Commission,11919.07,2024-06-25
EXP00022,POL00009,IT Allocation,5003.34,2024-12-25
EXP00023,POL00010,Agent Commission,9410.5,2023-12-16
EXP00024,POL00010,Policy Admin,4482.73,2023-12-27
EXP00025,POL00010,IT Allocation,4050.19,2024-08-22
EXP00026,POL00011,Agent Commission,8870.03,2024-06-05
EXP00027,POL00011,Policy Admin,2796.74,2025-04-20
EXP00028,POL00012,Broker Fee,7248.57,2024-01-22
EXP00029,POL00012,Policy Admin,2687.51,2024-11-28
EXP00030,POL00012,IT Allocation,3206.8,2024-04-26
EXP00031,POL00013,Agent Commission,16134.53,2024-05-16
EXP00032,POL00013,IT Allocation,3912.33,2025-03-27
EXP00033,POL00013,IT Allocation,5720.36,2024-09-20
EXP00034,POL00014,Agent Commission,3953.55,2023-09-06
EXP00035,POL00014,Policy Admin,1988.35,2023-12-03
EXP00036,POL00015,Broker Fee,12882.88,2023-05-14
EXP00037,POL00015,IT Allocation,3115.25,2023-09-01
EXP00038,POL00015,Policy Admin,1773.14,2023-06-26
EXP00039,POL00016,Broker Fee,7906.8,2024-07-08
EXP00040,POL00016,Survey Fee,1938.92,2024-10-23
EXP00041,POL00016,Policy Admin,3816.77,2025-05-06
EXP00042,POL00017,Broker Fee,7090.13,2024-06-17
EXP00043,POL00017,Survey Fee,3054.95,2025-03-07
EXP00044,POL00018,Agent Commission,6469.99,2023-01-12
EXP00045,POL00018,Survey Fee,3431.07,2023-11-08
EXP00046,POL00018,IT Allocation,2977.49,2023-07-30
EXP00047,POL00019,Agent Commission,3537.19,2023-10-15
EXP00048,POL00019,Policy Admin,1468.38,2024-08-18
EXP00049,POL00019,Policy Admin,1220.3,2024-03-03
EXP00050,POL00020,Agent Commission,17862.76,2023-09-11
EXP00051,POL00020,Survey Fee,8699.35,2024-04-14
EXP00052,POL00021,Agent Commission,17881.28,2024-03-01
EXP00053,POL00021,Survey Fee,4607.56,2024-04-22
EXP00054,POL00021,Policy Admin,7227.3,2024-08-28
EXP00055,POL00022,Agent Commission,5771.7,2023-12-17
EXP00056,POL00022,Survey Fee,1658.45,2024-10-12
EXP00057,POL00022,Survey Fee,1326.67,2024-03-30
EXP00058,POL00023,Agent Commission,10605.0,2023-10-18
EXP00059,POL00023,Policy Admin,4424.98,2024-02-05
EXP00060,POL00024,Agent Commission,4130.66,2024-07-11
EXP00061,POL00024,Policy Admin,1150.69,2024-09-09
EXP00062,POL00024,IT Allocation,2491.17,2025-03-26
EXP00063,POL00025,Agent Commission,7899.67,2024-05-10
EXP00064,POL00025,IT Allocation,4400.94,2025-01-24
EXP00065,POL00025,Policy Admin,5375.26,2025-01-23
EXP00066,POL00026,Broker Fee,28701.05,2023-10-23
EXP00067,POL00026,Policy Admin,9638.51,2024-01-03
EXP00068,POL00027,Broker Fee,10238.02,2023-07-17
EXP00069,POL00027,IT Allocation,3514.81,2024-02-10
EXP00070,POL00028,Broker Fee,3573.47,2023-02-21
EXP00071,POL00028,Policy Admin,868.03,2023-03-07
EXP00072,POL00028,IT Allocation,1249.5,2023-09-13
EXP00073,POL00029,Broker Fee,5714.2,2023-03-16
EXP00074,POL00029,Policy Admin,1804.21,2023-08-03
EXP00075,POL00029,Survey Fee,2020.19,2024-01-29
EXP00076,POL00030,Broker Fee,3125.76,2023-03-28
EXP00077,POL00030,Survey Fee,1088.05,2023-10-11
EXP00078,POL00031,Broker Fee,9139.86,2023-10-02
EXP00079,POL00031,IT Allocation,2801.81,2024-07-29
EXP00080,POL00032,Agent Commission,4075.6,2024-08-04
EXP00081,POL00032,Survey Fee,2214.57,2025-05-20
EXP00082,POL00032,Policy Admin,2303.25,2024-11-17
EXP00083,POL00033,Agent Commission,6509.61,2024-01-17
EXP00084,POL00033,Policy Admin,1295.4,2024-10-05
EXP00085,POL00034,Broker Fee,4871.7,2024-07-24
EXP00086,POL00034,Policy Admin,977.63,2025-05-17
EXP00087,POL00034,Policy Admin,1169.55,2024-10-22
EXP00088,POL00035,Broker Fee,2928.28,2023-10-09
EXP00089,POL00035,Survey Fee,1170.12,2024-04-04
EXP00090,POL00036,Broker Fee,18299.43,2023-09-17
EXP00091,POL00036,IT Allocation,6339.93,2024-03-22
EXP00092,POL00037,Agent Commission,4654.46,2023-12-12
EXP00093,POL00037,Survey Fee,1868.34,2024-05-11
EXP00094,POL00038,Broker Fee,4179.61,2023-04-30
EXP00095,POL00038,IT Allocation,2260.93,2023-11-16
EXP00096,POL00038,Policy Admin,1279.67,2024-03-23
EXP00097,POL00039,Broker Fee,5366.37,2024-03-19
EXP00098,POL00039,Policy Admin,2056.77,2024-05-01
EXP00099,POL00039,Survey Fee,1009.4,2024-07-20
EXP00100,POL00040,Broker Fee,4243.18,2023-09-18
EXP00101,POL00040,Survey Fee,1836.08,2024-04-12
EXP00102,POL00040,IT Allocation,2305.01,2024-03-26
EXP00103,POL00041,Broker Fee,9179.15,2023-06-19
EXP00104,POL00041,Policy Admin,2073.76,2023-07-07
EXP00105,POL00042,Broker Fee,21455.67,2023-09-17
EXP00106,POL00042,Policy Admin,4657.19,2024-04-12
EXP00107,POL00043,Broker Fee,6635.18,2024-04-20
EXP00108,POL00043,IT Allocation,1611.52,2024-11-15
EXP00109,POL00044,Agent Commission,5582.58,2023-12-03
EXP00110,POL00044,IT Allocation,1869.54,2024-01-25
EXP00111,POL00044,Survey Fee,2393.71,2024-06-29
EXP00112,POL00045,Broker Fee,14038.63,2023-02-01
EXP00113,POL00045,Policy Admin,3690.5,2023-05-06
EXP00114,POL00046,Broker Fee,3059.12,2024-03-22
EXP00115,POL00046,Survey Fee,1435.23,2024-12-31
EXP00116,POL00046,IT Allocation,1555.95,2024-06-07
EXP00117,POL00047,Broker Fee,5617.19,2023-09-23
EXP00118,POL00047,IT Allocation,1952.94,2024-08-20
EXP00119,POL00047,Survey Fee,1544.97,2024-03-23
EXP00120,POL00048,Agent Commission,12525.67,2024-03-20
EXP00121,POL00048,Policy Admin,3683.07,2024-08-07
EXP00122,POL00048,IT Allocation,3418.43,2024-03-27
EXP00123,POL00049,Agent Commission,15165.75,2024-02-25
EXP00124,POL00049,IT Allocation,4289.17,2024-03-08
EXP00125,POL00049,Survey Fee,6293.43,2024-11-03
EXP00126,POL00050,Broker Fee,4523.48,2024-08-07
EXP00127,POL00050,Survey Fee,2909.7,2025-05-22
EXP00128,POL00051,Broker Fee,10049.9,2024-04-24
EXP00129,POL00051,Survey Fee,2860.85,2025-03-27
EXP00130,POL00052,Agent Commission,4335.48,2023-10-20
EXP00131,POL00052,IT Allocation,1159.03,2024-02-27
EXP00132,POL00053,Broker Fee,2465.54,2023-07-25
EXP00133,POL00053,Policy Admin,674.31,2023-09-06
EXP00134,POL00053,IT Allocation,470.24,2023-09-27
EXP00135,POL00054,Broker Fee,16599.89,2024-08-14
EXP00136,POL00054,Policy Admin,4082.17,2024-08-31
EXP00137,POL00054,Policy Admin,3262.18,2025-05-22
EXP00138,POL00055,Agent Commission,3511.53,2024-03-13
EXP00139,POL00055,IT Allocation,943.86,2024-10-31
EXP00140,POL00055,Policy Admin,767.43,2024-05-06
EXP00141,POL00056,Agent Commission,2041.31,2024-04-14
EXP00142,POL00056,Survey Fee,817.8,2025-01-02
EXP00143,POL00056,Survey Fee,971.08,2024-05-08
EXP00144,POL00057,Agent Commission,4884.96,2024-07-15
EXP00145,POL00057,IT Allocation,2911.39,2024-08-30
EXP00146,POL00057,Survey Fee,2214.14,2024-10-31
EXP00147,POL00058,Agent Commission,5923.55,2023-09-02
EXP00148,POL00058,Policy Admin,1527.95,2024-04-25
EXP00149,POL00059,Agent Commission,2918.62,2023-05-23
EXP00150,POL00059,IT Allocation,1095.6,2023-07-19
EXP00151,POL00059,Survey Fee,1034.12,2023-09-15
EXP00152,POL00060,Broker Fee,3012.82,2024-07-11
EXP00153,POL00060,IT Allocation,1268.93,2024-08-09
EXP00154,POL00061,Agent Commission,13076.48,2024-05-05
EXP00155,POL00061,Survey Fee,4089.52,2024-08-22
EXP00156,POL00061,Policy Admin,4983.91,2024-09-01
EXP00157,POL00062,Broker Fee,4602.7,2024-05-16
EXP00158,POL00062,IT Allocation,1273.0,2024-10-12
EXP00159,POL00063,Agent Commission,7826.01,2024-04-23
EXP00160,POL00063,IT Allocation,3829.35,2025-01-01
EXP00161,POL00064,Broker Fee,1585.1,2023-03-27
EXP00162,POL00064,IT Allocation,342.55,2023-05-22
EXP00163,POL00065,Agent Commission,8889.34,2024-04-10
EXP00164,POL00065,Policy Admin,3300.6,2025-01-19
EXP00165,POL00065,Survey Fee,1804.69,2024-08-17
EXP00166,POL00066,Broker Fee,4157.91,2024-04-29
EXP00167,POL00066,Survey Fee,583.05,2024-11-15
EXP00168,POL00067,Broker Fee,2009.81,2023-02-01
EXP00169,POL00067,Survey Fee,742.14,2023-11-24
EXP00170,POL00067,Policy Admin,641.34,2023-10-19
EXP00171,POL00068,Broker Fee,3016.41,2024-08-02
EXP00172,POL00068,IT Allocation,781.72,2025-06-12
EXP00173,POL00068,Policy Admin,665.79,2025-05-08
EXP00174,POL00069,Broker Fee,1337.44,2023-06-21
EXP00175,POL00069,IT Allocation,457.94,2024-05-18
EXP00176,POL00069,Policy Admin,421.93,2023-09-29
EXP00177,POL00070,Broker Fee,18186.97,2023-07-27
EXP00178,POL00070,IT Allocation,4838.96,2023-09-03
EXP00179,POL00071,Broker Fee,3079.06,2024-08-03
EXP00180,POL00071,IT Allocation,1055.45,2024-10-29
EXP00181,POL00071,IT Allocation,653.02,2025-03-09
EXP00182,POL00072,Agent Commission,1220.75,2024-03-10
EXP00183,POL00072,Policy Admin,258.95,2024-05-21
EXP00184,POL00073,Agent Commission,27400.46,2023-06-30
EXP00185,POL00073,IT Allocation,5370.56,2023-07-26
EXP00186,POL00073,IT Allocation,8865.95,2024-01-24
EXP00187,POL00074,Broker Fee,14940.55,2024-03-22
EXP00188,POL00074,Policy Admin,3768.54,2024-05-07
EXP00189,POL00074,IT Allocation,7478.33,2024-07-16
EXP00190,POL00075,Agent Commission,14514.23,2023-09-10
EXP00191,POL00075,Survey Fee,4369.18,2024-04-16
EXP00192,POL00076,Agent Commission,10147.77,2024-05-18
EXP00193,POL00076,Survey Fee,3080.37,2024-06-29
EXP00194,POL00076,IT Allocation,1730.05,2024-09-11
EXP00195,POL00077,Agent Commission,969.34,2024-06-17
EXP00196,POL00077,IT Allocation,307.99,2025-03-19
EXP00197,POL00077,Policy Admin,334.48,2025-05-09
EXP00198,POL00078,Broker Fee,5456.58,2024-04-08
EXP00199,POL00078,Survey Fee,2320.8,2025-02-02
EXP00200,POL00079,Broker Fee,8229.31,2024-04-29
EXP00201,POL00079,Survey Fee,3344.29,2025-02-14
EXP00202,POL00080,Agent Commission,4115.53,2023-11-14
EXP00203,POL00080,IT Allocation,2046.22,2024-04-29
EXP00204,POL00080,Survey Fee,2128.93,2024-05-04
EXP00205,POL00081,Broker Fee,3890.53,2023-08-15
EXP00206,POL00081,IT Allocation,1584.48,2024-06-03
EXP00207,POL00081,IT Allocation,1020.56,2024-05-27
EXP00208,POL00082,Broker Fee,2087.99,2023-07-21
EXP00209,POL00082,Survey Fee,427.22,2023-08-14
EXP00210,POL00082,Policy Admin,935.9,2024-04-18
EXP00211,POL00083,Broker Fee,5055.08,2023-02-25
EXP00212,POL00083,Survey Fee,2007.16,2023-06-24
EXP00213,POL00083,IT Allocation,705.43,2023-07-26
EXP00214,POL00084,Agent Commission,2977.22,2024-08-10
EXP00215,POL00084,Policy Admin,987.74,2024-11-07
EXP00216,POL00085,Agent Commission,1058.52,2023-03-09
EXP00217,POL00085,IT Allocation,563.29,2023-05-04
EXP00218,POL00085,IT Allocation,386.59,2023-07-07
EXP00219,POL00086,Broker Fee,3023.19,2023-04-01
EXP00220,POL00086,Policy Admin,1399.35,2024-01-28
EXP00221,POL00087,Broker Fee,9800.21,2024-04-06
EXP00222,POL00087,Survey Fee,1863.85,2024-05-14
EXP00223,POL00087,Survey Fee,2732.03,2024-11-24
EXP00224,POL00088,Agent Commission,2276.62,2023-04-13
EXP00225,POL00088,Survey Fee,711.54,2024-03-10
EXP00226,POL00089,Agent Commission,1273.65,2024-07-21
EXP00227,POL00089,Policy Admin,502.74,2024-11-19
EXP00228,POL00090,Broker Fee,5657.42,2023-10-26
EXP00229,POL00090,Survey Fee,1956.1,2024-03-29
EXP00230,POL00091,Broker Fee,2878.96,2024-03-11
EXP00231,POL00091,IT Allocation,1365.47,2024-04-15
EXP00232,POL00091,Survey Fee,1145.95,2024-05-03
EXP00233,POL00092,Agent Commission,3455.74,2023-06-20
EXP00234,POL00092,Survey Fee,1271.86,2024-03-04
EXP00235,POL00092,IT Allocation,1383.46,2023-10-07
EXP00236,POL00093,Agent Commission,23424.15,2023-11-09
EXP00237,POL00093,Survey Fee,5831.37,2024-06-25
EXP00238,POL00094,Agent Commission,3881.11,2024-03-18
EXP00239,POL00094,Policy Admin,1120.71,2024-09-22
EXP00240,POL00094,IT Allocation,995.96,2025-01-26
EXP00241,POL00095,Broker Fee,2960.2,2023-10-04
EXP00242,POL00095,IT Allocation,1617.85,2024-05-26
EXP00243,POL00095,Policy Admin,936.05,2023-11-04
EXP00244,POL00096,Broker Fee,7148.75,2024-08-23
EXP00245,POL00096,Policy Admin,1863.28,2024-09-28
EXP00246,POL00097,Agent Commission,9206.45,2023-04-20
EXP00247,POL00097,Survey Fee,2120.81,2023-06-23
EXP00248,POL00098,Agent Commission,1933.35,2024-04-12
EXP00249,POL00098,Policy Admin,860.01,2024-08-06
EXP00250,POL00099,Broker Fee,13969.39,2024-03-03
EXP00251,POL00099,IT Allocation,5306.81,2024-05-20
EXP00252,POL00099,Survey Fee,5664.58,2024-03-18
EXP00253,POL00100,Agent Commission,10217.59,2023-10-03
EXP00254,POL00100,IT Allocation,1894.86,2024-01-21
EXP00255,POL00101,Agent Commission,1975.27,2023-06-15
EXP00256,POL00101,IT Allocation,363.2,2023-11-07
EXP00257,POL00102,Broker Fee,4819.78,2023-06-07
EXP00258,POL00102,Policy Admin,1094.1,2023-12-31
EXP00259,POL00103,Agent Commission,6503.43,2024-04-14
EXP00260,POL00103,Policy Admin,2392.89,2025-01-19
EXP00261,POL00103,Survey Fee,1201.75,2025-01-03
EXP00262,POL00104,Agent Commission,14596.36,2024-02-29
EXP00263,POL00104,Survey Fee,6963.62,2024-08-13
EXP00264,POL00105,Agent Commission,12839.71,2023-06-02
EXP00265,POL00105,IT Allocation,5321.73,2023-12-10
EXP00266,POL00105,Survey Fee,3605.27,2024-02-23
EXP00267,POL00106,Broker Fee,6984.58,2023-07-16
EXP00268,POL00106,Policy Admin,2948.62,2023-12-13
EXP00269,POL00107,Broker Fee,11371.23,2024-05-04
EXP00270,POL00107,IT Allocation,2950.34,2024-11-20
EXP00271,POL00108,Agent Commission,28581.24,2023-02-10
EXP00272,POL00108,Survey Fee,8330.42,2023-09-23
EXP00273,POL00109,Broker Fee,14324.52,2023-01-19
EXP00274,POL00109,IT Allocation,2818.45,2023-04-06
EXP00275,POL00110,Agent Commission,15412.32,2024-02-13
EXP00276,POL00110,Policy Admin,6215.05,2024-11-16
EXP00277,POL00110,IT Allocation,4863.47,2024-05-06
EXP00278,POL00111,Agent Commission,6049.56,2024-07-10
EXP00279,POL00111,Policy Admin,1760.75,2024-09-16
EXP00280,POL00112,Agent Commission,15300.16,2023-04-16
EXP00281,POL00112,Survey Fee,7575.47,2023-11-18
EXP00282,POL00113,Broker Fee,1908.73,2023-11-30
EXP00283,POL00113,Policy Admin,457.62,2024-03-12
EXP00284,POL00114,Broker Fee,8097.22,2023-06-28
EXP00285,POL00114,IT Allocation,2662.48,2023-10-30
EXP00286,POL00115,Agent Commission,2786.03,2023-08-31
EXP00287,POL00115,Survey Fee,863.58,2024-07-10
EXP00288,POL00115,Policy Admin,1650.69,2024-03-14
EXP00289,POL00116,Broker Fee,5714.08,2023-03-20
EXP00290,POL00116,Policy Admin,1086.42,2023-07-20
EXP00291,POL00117,Agent Commission,10360.32,2023-11-08
EXP00292,POL00117,Policy Admin,2757.2,2024-02-27
EXP00293,POL00117,IT Allocation,2160.33,2024-06-27
EXP00294,POL00118,Broker Fee,14619.02,2023-11-02
EXP00295,POL00118,IT Allocation,4745.56,2023-11-30
EXP00296,POL00119,Broker Fee,9087.45,2023-10-26
EXP00297,POL00119,IT Allocation,2472.15,2024-08-18
EXP00298,POL00119,IT Allocation,2864.78,2024-09-23
EXP00299,POL00120,Agent Commission,18566.33,2023-05-24
EXP00300,POL00120,Policy Admin,7295.5,2023-06-21
EXP00301,POL00120,IT Allocation,5600.52,2023-12-19
EXP00302,POL00121,Broker Fee,4829.51,2023-05-19
EXP00303,POL00121,Survey Fee,1610.51,2024-01-05
EXP00304,POL00122,Broker Fee,7865.75,2024-06-30
EXP00305,POL00122,Policy Admin,2045.23,2025-05-16
EXP00306,POL00123,Agent Commission,3821.82,2023-05-01
EXP00307,POL00123,Policy Admin,703.54,2024-01-19
EXP00308,POL00123,IT Allocation,809.99,2024-03-02
EXP00309,POL00124,Broker Fee,2578.93,2023-04-06
EXP00310,POL00124,Survey Fee,829.53,2023-07-13
EXP00311,POL00124,Survey Fee,951.17,2023-07-25
EXP00312,POL00125,Broker Fee,6020.28,2024-01-21
EXP00313,POL00125,Policy Admin,3399.25,2024-03-29
EXP00314,POL00126,Broker Fee,4383.74,2023-03-11
EXP00315,POL00126,IT Allocation,1166.4,2023-09-28
EXP00316,POL00126,IT Allocation,2572.84,2023-12-02
EXP00317,POL00127,Broker Fee,3841.82,2023-02-12
EXP00318,POL00127,Survey Fee,570.6,2023-05-16
EXP00319,POL00127,Policy Admin,1117.79,2023-05-05
EXP00320,POL00128,Agent Commission,22014.51,2024-01-20
EXP00321,POL00128,IT Allocation,5750.47,2024-07-01
EXP00322,POL00129,Broker Fee,18018.18,2023-04-14
EXP00323,POL00129,Policy Admin,3326.41,2023-06-28
EXP00324,POL00130,Broker Fee,2624.76,2024-03-30
EXP00325,POL00130,IT Allocation,1305.23,2024-12-20
EXP00326,POL00130,Survey Fee,1710.59,2025-02-14
EXP00327,POL00131,Broker Fee,4317.92,2023-03-07
EXP00328,POL00131,IT Allocation,1683.14,2024-01-15
EXP00329,POL00131,Survey Fee,905.25,2023-12-19
EXP00330,POL00132,Agent Commission,4936.97,2023-01-22
EXP00331,POL00132,Policy Admin,1037.55,2023-07-29
EXP00332,POL00133,Agent Commission,7234.58,2024-08-28
EXP00333,POL00133,Policy Admin,2667.11,2024-10-16
EXP00334,POL00133,Policy Admin,1953.97,2024-12-02
EXP00335,POL00134,Agent Commission,11463.14,2023-06-01
EXP00336,POL00134,Survey Fee,5166.38,2023-07-25
EXP00337,POL00134,Policy Admin,2969.66,2023-12-19
EXP00338,POL00135,Agent Commission,2236.39,2024-01-04
EXP00339,POL00135,Survey Fee,426.5,2024-05-31
EXP00340,POL00135,Policy Admin,690.32,2024-10-06
EXP00341,POL00136,Agent Commission,5251.92,2024-06-22
EXP00342,POL00136,IT Allocation,1605.53,2025-05-07
EXP00343,POL00137,Broker Fee,13470.69,2024-06-01
EXP00344,POL00137,IT Allocation,7681.72,2025-04-19
EXP00345,POL00137,Survey Fee,5363.33,2025-04-28
EXP00346,POL00138,Agent Commission,2753.08,2024-04-18
EXP00347,POL00138,Policy Admin,1162.64,2024-08-01
EXP00348,POL00139,Broker Fee,3860.63,2024-04-04
EXP00349,POL00139,IT Allocation,2164.8,2024-07-24
EXP00350,POL00140,Broker Fee,13339.55,2024-01-26
EXP00351,POL00140,Policy Admin,3023.82,2024-12-27
EXP00352,POL00140,IT Allocation,1819.65,2024-05-18
EXP00353,POL00141,Agent Commission,3204.51,2024-03-18
EXP00354,POL00141,Policy Admin,1294.08,2024-09-07
EXP00355,POL00141,Survey Fee,789.08,2024-09-12
EXP00356,POL00142,Agent Commission,5723.96,2024-03-14
EXP00357,POL00142,IT Allocation,1765.2,2024-09-12
EXP00358,POL00143,Broker Fee,1313.96,2023-03-29
EXP00359,POL00143,Survey Fee,454.35,2024-02-23
EXP00360,POL00144,Broker Fee,19026.11,2023-05-09
EXP00361,POL00144,IT Allocation,7628.34,2023-06-13
EXP00362,POL00144,IT Allocation,4270.7,2023-10-24
EXP00363,POL00145,Agent Commission,11178.85,2023-11-20
EXP00364,POL00145,Policy Admin,4944.96,2024-05-25
EXP00365,POL00145,Policy Admin,5592.14,2024-04-17
EXP00366,POL00146,Broker Fee,12359.53,2024-07-28
EXP00367,POL00146,Policy Admin,5103.82,2025-02-17
EXP00368,POL00147,Broker Fee,2203.45,2023-10-06
EXP00369,POL00147,Survey Fee,876.46,2024-02-27
EXP00370,POL00147,Survey Fee,425.1,2024-02-09
EXP00371,POL00148,Broker Fee,5030.07,2023-05-28
EXP00372,POL00148,Policy Admin,1216.61,2023-12-14
EXP00373,POL00148,Survey Fee,2303.03,2023-07-23
EXP00374,POL00149,Broker Fee,4682.25,2024-01-25
EXP00375,POL00149,IT Allocation,1120.0,2024-10-04
EXP00376,POL00150,Broker Fee,5070.05,2023-02-25
EXP00377,POL00150,IT Allocation,1823.69,2023-04-24
EXP00378,POL00151,Agent Commission,8488.81,2024-03-29
EXP00379,POL00151,Policy Admin,2557.55,2024-12-30
EXP00380,POL00152,Agent Commission,3028.53,2024-06-28
EXP00381,POL00152,Policy Admin,1257.3,2024-07-26
EXP00382,POL00153,Broker Fee,13896.11,2023-08-05
EXP00383,POL00153,Survey Fee,5436.46,2023-11-30
EXP00384,POL00153,Survey Fee,3344.2,2024-01-08
EXP00385,POL00154,Broker Fee,7947.29,2023-05-18
EXP00386,POL00154,Survey Fee,2094.68,2023-08-11
EXP00387,POL00155,Agent Commission,9519.25,2023-02-14
EXP00388,POL00155,Policy Admin,4539.9,2023-07-11
EXP00389,POL00155,IT Allocation,6244.09,2023-07-18
EXP00390,POL00156,Agent Commission,9602.6,2024-03-05
EXP00391,POL00156,Policy Admin,4114.67,2024-04-07
EXP00392,POL00156,Policy Admin,2091.75,2024-04-07
EXP00393,POL00157,Agent Commission,3607.56,2023-04-04
EXP00394,POL00157,IT Allocation,916.96,2024-02-10
EXP00395,POL00157,IT Allocation,1525.34,2023-11-25
EXP00396,POL00158,Broker Fee,12722.07,2023-12-15
EXP00397,POL00158,IT Allocation,7149.44,2024-08-18
EXP00398,POL00159,Broker Fee,7750.74,2023-12-24
EXP00399,POL00159,IT Allocation,2815.84,2024-11-27
EXP00400,POL00159,Policy Admin,4400.65,2024-08-30
EXP00401,POL00160,Agent Commission,5834.28,2023-07-26
EXP00402,POL00160,Policy Admin,2253.41,2024-02-17
EXP00403,POL00160,Survey Fee,1913.29,2024-01-17
EXP00404,POL00161,Agent Commission,11878.43,2024-07-31
EXP00405,POL00161,Survey Fee,2606.34,2025-04-12
EXP00406,POL00161,Survey Fee,5722.95,2025-01-01
EXP00407,POL00162,Agent Commission,3532.0,2023-11-24
EXP00408,POL00162,Survey Fee,1046.15,2024-01-23
EXP00409,POL00163,Agent Commission,2317.37,2023-12-29
EXP00410,POL00163,Policy Admin,702.1,2024-08-04
EXP00411,POL00163,Policy Admin,873.61,2024-10-12
EXP00412,POL00164,Broker Fee,3722.14,2024-08-31
EXP00413,POL00164,Survey Fee,711.65,2025-07-09
EXP00414,POL00164,IT Allocation,1290.5,2025-04-20
EXP00415,POL00165,Agent Commission,7107.28,2023-11-27
EXP00416,POL00165,Survey Fee,2607.75,2024-09-24
EXP00417,POL00166,Broker Fee,4209.33,2023-02-12
EXP00418,POL00166,Survey Fee,2529.39,2023-05-21
EXP00419,POL00167,Agent Commission,17729.38,2023-10-21
EXP00420,POL00167,Survey Fee,5722.71,2024-08-27
EXP00421,POL00168,Agent Commission,3406.61,2023-12-04
EXP00422,POL00168,IT Allocation,1743.75,2024-10-06
EXP00423,POL00169,Agent Commission,8853.46,2023-12-13
EXP00424,POL00169,Survey Fee,2469.0,2024-05-15
EXP00425,POL00170,Broker Fee,2628.46,2024-09-02
EXP00426,POL00170,Survey Fee,1009.2,2025-02-20
EXP00427,POL00171,Broker Fee,1040.24,2024-03-12
EXP00428,POL00171,Policy Admin,517.1,2025-01-11
EXP00429,POL00171,Survey Fee,385.67,2024-12-05
EXP00430,POL00172,Broker Fee,3709.21,2023-08-20
EXP00431,POL00172,Policy Admin,1491.92,2023-09-26
EXP00432,POL00172,Policy Admin,1281.37,2024-02-29
EXP00433,POL00173,Agent Commission,4330.27,2023-12-12
EXP00434,POL00173,IT Allocation,1484.37,2024-07-09
EXP00435,POL00173,Survey Fee,1010.13,2024-07-03
EXP00436,POL00174,Agent Commission,4516.21,2024-03-29
EXP00437,POL00174,IT Allocation,1650.36,2024-07-08
EXP00438,POL00175,Broker Fee,8832.75,2023-08-31
EXP00439,POL00175,Policy Admin,2605.41,2023-11-10
EXP00440,POL00176,Agent Commission,13114.29,2024-04-18
EXP00441,POL00176,Policy Admin,7516.38,2024-07-05
EXP00442,POL00176,Survey Fee,4136.35,2024-11-25
EXP00443,POL00177,Broker Fee,7276.4,2023-09-18
EXP00444,POL00177,IT Allocation,1948.66,2024-04-28
EXP00445,POL00178,Broker Fee,1914.27,2023-10-21
EXP00446,POL00178,Policy Admin,382.17,2024-09-02
EXP00447,POL00179,Agent Commission,10212.88,2024-04-11
EXP00448,POL00179,IT Allocation,3089.03,2025-01-20
EXP00449,POL00179,IT Allocation,2940.26,2024-05-05
EXP00450,POL00180,Broker Fee,3960.32,2023-03-25
EXP00451,POL00180,Policy Admin,2034.26,2023-05-14
EXP00452,POL00180,Survey Fee,1712.02,2023-12-29
EXP00453,POL00181,Agent Commission,9431.85,2023-05-25
EXP00454,POL00181,IT Allocation,2498.16,2024-04-17
EXP00455,POL00182,Agent Commission,4202.4,2023-01-11
EXP00456,POL00182,IT Allocation,1479.48,2023-07-10
EXP00457,POL00182,Survey Fee,1699.45,2023-09-13
EXP00458,POL00183,Broker Fee,8158.27,2023-04-28
EXP00459,POL00183,Survey Fee,2593.54,2023-10-01
EXP00460,POL00183,IT Allocation,1879.67,2024-03-04
EXP00461,POL00184,Broker Fee,18623.77,2023-03-06
EXP00462,POL00184,Policy Admin,7929.73,2024-01-03
EXP00463,POL00184,IT Allocation,8504.73,2023-08-12
EXP00464,POL00185,Broker Fee,1870.05,2023-05-31
EXP00465,POL00185,Survey Fee,379.03,2023-07-16
EXP00466,POL00186,Broker Fee,8859.26,2023-03-13
EXP00467,POL00186,IT Allocation,1866.16,2023-05-17
EXP00468,POL00186,IT Allocation,2448.33,2024-01-17
EXP00469,POL00187,Broker Fee,17823.93,2023-02-16
EXP00470,POL00187,Survey Fee,5991.87,2023-06-24
EXP00471,POL00188,Agent Commission,6498.85,2023-04-19
EXP00472,POL00188,Policy Admin,4116.73,2024-02-25
EXP00473,POL00189,Broker Fee,7055.01,2024-04-23
EXP00474,POL00189,Policy Admin,2362.65,2025-03-22
EXP00475,POL00190,Broker Fee,3531.8,2023-10-28
EXP00476,POL00190,Policy Admin,1871.73,2024-01-05
EXP00477,POL00190,Survey Fee,995.29,2024-05-29
EXP00478,POL00191,Agent Commission,3662.25,2024-07-13
EXP00479,POL00191,IT Allocation,1412.2,2024-10-02
EXP00480,POL00191,Survey Fee,1985.56,2024-07-26
EXP00481,POL00192,Broker Fee,11129.28,2023-05-11
EXP00482,POL00192,Policy Admin,4490.75,2023-06-08
EXP00483,POL00192,Survey Fee,4355.42,2024-04-08
EXP00484,POL00193,Broker Fee,6252.14,2024-05-27
EXP00485,POL00193,Policy Admin,1421.15,2024-10-16
EXP00486,POL00193,Survey Fee,1285.63,2025-03-28
EXP00487,POL00194,Agent Commission,4314.45,2024-03-21
EXP00488,POL00194,Survey Fee,1567.73,2024-06-26
EXP00489,POL00195,Agent Commission,13406.66,2023-11-10
EXP00490,POL00195,Policy Admin,4129.64,2024-08-14
EXP00491,POL00196,Broker Fee,18865.44,2024-03-22
EXP00492,POL00196,Policy Admin,4433.29,2024-04-17
EXP00493,POL00196,IT Allocation,6600.12,2024-04-29
EXP00494,POL00197,Agent Commission,13644.67,2024-06-13
EXP00495,POL00197,Policy Admin,5234.51,2024-08-19
EXP00496,POL00198,Agent Commission,5150.9,2023-05-13
EXP00497,POL00198,Survey Fee,2055.2,2023-08-22
EXP00498,POL00199,Agent Commission,4316.69,2024-04-10
EXP00499,POL00199,Survey Fee,2441.4,2024-09-03
EXP00500,POL00199,Survey Fee,2045.9,2024-09-27
EXP00501,POL00200,Agent Commission,6615.95,2023-11-20
EXP00502,POL00200,Policy Admin,2557.79,2024-05-16
EXP00503,POL00201,Broker Fee,15863.31,2024-07-30
EXP00504,POL00201,IT Allocation,3683.87,2024-11-18
EXP00505,POL00201,Survey Fee,5775.13,2025-07-04
EXP00506,POL00202,Broker Fee,15326.56,2023-07-25
EXP00507,POL00202,Policy Admin,9887.16,2023-12-13
EXP00508,POL00203,Agent Commission,7543.25,2023-12-26
EXP00509,POL00203,Survey Fee,4674.67,2024-01-10
EXP00510,POL00203,Policy Admin,2374.8,2024-11-23
EXP00511,POL00204,Broker Fee,21514.55,2024-06-06
EXP00512,POL00204,IT Allocation,7107.55,2024-12-31
EXP00513,POL00205,Broker Fee,6481.96,2024-07-24
EXP00514,POL00205,IT Allocation,2920.1,2024-09-04
EXP00515,POL00205,IT Allocation,2344.86,2025-02-12
EXP00516,POL00206,Broker Fee,15572.38,2024-02-12
EXP00517,POL00206,Survey Fee,3782.25,2024-07-26
EXP00518,POL00206,Survey Fee,2519.54,2024-04-08
EXP00519,POL00207,Broker Fee,5724.19,2023-11-21
EXP00520,POL00207,IT Allocation,2457.79,2024-04-27
EXP00521,POL00207,Policy Admin,1371.03,2024-09-09
EXP00522,POL00208,Agent Commission,12306.07,2023-05-15
EXP00523,POL00208,IT Allocation,4653.2,2024-04-09
EXP00524,POL00208,IT Allocation,2863.18,2023-07-05
EXP00525,POL00209,Agent Commission,7546.92,2023-06-16
EXP00526,POL00209,Policy Admin,1890.75,2024-04-23
EXP00527,POL00210,Agent Commission,10466.03,2023-07-25
EXP00528,POL00210,Policy Admin,3663.22,2024-03-17
EXP00529,POL00210,Survey Fee,1967.93,2023-08-28
EXP00530,POL00211,Agent Commission,3590.06,2024-09-01
EXP00531,POL00211,Survey Fee,756.22,2025-06-02
EXP00532,POL00212,Agent Commission,6283.7,2023-02-04
EXP00533,POL00212,IT Allocation,2456.17,2023-02-27
EXP00534,POL00213,Agent Commission,12283.5,2023-02-04
EXP00535,POL00213,Policy Admin,4058.55,2023-04-18
EXP00536,POL00214,Agent Commission,13538.36,2023-11-03
EXP00537,POL00214,IT Allocation,5624.83,2024-02-06
EXP00538,POL00215,Agent Commission,9578.61,2023-05-28
EXP00539,POL00215,Policy Admin,4966.26,2024-04-17
EXP00540,POL00215,Survey Fee,2553.98,2023-09-18
EXP00541,POL00216,Broker Fee,6370.72,2024-06-13
EXP00542,POL00216,IT Allocation,3629.72,2025-04-11
EXP00543,POL00217,Agent Commission,1990.62,2023-02-21
EXP00544,POL00217,Survey Fee,742.38,2023-05-03
EXP00545,POL00218,Broker Fee,7620.09,2023-07-15
EXP00546,POL00218,Policy Admin,3572.09,2024-03-04
EXP00547,POL00218,Policy Admin,4834.44,2023-08-13
EXP00548,POL00219,Broker Fee,2322.97,2023-04-04
EXP00549,POL00219,Policy Admin,1473.52,2023-05-24
EXP00550,POL00220,Agent Commission,3272.28,2023-10-21
EXP00551,POL00220,IT Allocation,1489.65,2024-06-25
EXP00552,POL00220,IT Allocation,1019.24,2024-01-07
